{
  "Total" : {
    "transaction" : "Total",
    "sampleCount" : 1000,
    "errorCount" : 0,
    "errorPct" : 0.0,
    "meanResTime" : 30.247999999999976,
    "medianResTime" : 7.0,
    "minResTime" : 5.0,
    "maxResTime" : 585.0,
    "pct1ResTime" : 48.89999999999998,
    "pct2ResTime" : 177.0,
    "pct3ResTime" : 472.98,
    "throughput" : 101.97838058331634,
    "receivedKBytesPerSec" : 46.59316521772384,
    "sentKBytesPerSec" : 32.252455448194986
  },
  "HTTP Request" : {
    "transaction" : "HTTP Request",
    "sampleCount" : 1000,
    "errorCount" : 0,
    "errorPct" : 0.0,
    "meanResTime" : 30.247999999999976,
    "medianResTime" : 7.0,
    "minResTime" : 5.0,
    "maxResTime" : 585.0,
    "pct1ResTime" : 48.89999999999998,
    "pct2ResTime" : 177.0,
    "pct3ResTime" : 472.98,
    "throughput" : 101.97838058331634,
    "receivedKBytesPerSec" : 46.59316521772384,
    "sentKBytesPerSec" : 32.252455448194986
  }
}