{
  "Products" : {
    "transaction" : "Products",
    "sampleCount" : 15000,
    "errorCount" : 0,
    "errorPct" : 0.0,
    "meanResTime" : 5808.739400000008,
    "medianResTime" : 6330.0,
    "minResTime" : 13.0,
    "maxResTime" : 15889.0,
    "pct1ResTime" : 7961.9,
    "pct2ResTime" : 8676.949999999999,
    "pct3ResTime" : 10355.939999999999,
    "throughput" : 206.84234476482024,
    "receivedKBytesPerSec" : 342.9638644269088,
    "sentKBytesPerSec" : 36.35900591569106
  },
  "Total" : {
    "transaction" : "Total",
    "sampleCount" : 15000,
    "errorCount" : 0,
    "errorPct" : 0.0,
    "meanResTime" : 5808.739400000008,
    "medianResTime" : 6330.0,
    "minResTime" : 13.0,
    "maxResTime" : 15889.0,
    "pct1ResTime" : 7961.9,
    "pct2ResTime" : 8676.949999999999,
    "pct3ResTime" : 10355.939999999999,
    "throughput" : 206.84234476482024,
    "receivedKBytesPerSec" : 342.9638644269088,
    "sentKBytesPerSec" : 36.35900591569106
  }
}