{
  "Products" : {
    "transaction" : "Products",
    "sampleCount" : 22500,
    "errorCount" : 0,
    "errorPct" : 0.0,
    "meanResTime" : 6388.744400000008,
    "medianResTime" : 6815.0,
    "minResTime" : 9.0,
    "maxResTime" : 18426.0,
    "pct1ResTime" : 8450.0,
    "pct2ResTime" : 9185.95,
    "pct3ResTime" : 10913.970000000005,
    "throughput" : 204.38751873552255,
    "receivedKBytesPerSec" : 337.30594718002,
    "sentKBytesPerSec" : 35.92749352772857
  },
  "Total" : {
    "transaction" : "Total",
    "sampleCount" : 22500,
    "errorCount" : 0,
    "errorPct" : 0.0,
    "meanResTime" : 6388.744400000008,
    "medianResTime" : 6815.0,
    "minResTime" : 9.0,
    "maxResTime" : 18426.0,
    "pct1ResTime" : 8450.0,
    "pct2ResTime" : 9185.95,
    "pct3ResTime" : 10913.970000000005,
    "throughput" : 204.38751873552255,
    "receivedKBytesPerSec" : 337.30594718002,
    "sentKBytesPerSec" : 35.92749352772857
  }
}