{
  "Products" : {
    "transaction" : "Products",
    "sampleCount" : 2280,
    "errorCount" : 0,
    "errorPct" : 0.0,
    "meanResTime" : 26.92675438596497,
    "medianResTime" : 13.0,
    "minResTime" : 9.0,
    "maxResTime" : 463.0,
    "pct1ResTime" : 63.90000000000009,
    "pct2ResTime" : 104.94999999999982,
    "pct3ResTime" : 212.57000000000016,
    "throughput" : 224.60841296423996,
    "receivedKBytesPerSec" : 374.5484204142449,
    "sentKBytesPerSec" : 39.48194759137031
  },
  "Total" : {
    "transaction" : "Total",
    "sampleCount" : 2280,
    "errorCount" : 0,
    "errorPct" : 0.0,
    "meanResTime" : 26.92675438596497,
    "medianResTime" : 13.0,
    "minResTime" : 9.0,
    "maxResTime" : 463.0,
    "pct1ResTime" : 63.90000000000009,
    "pct2ResTime" : 104.94999999999982,
    "pct3ResTime" : 212.57000000000016,
    "throughput" : 224.60841296423996,
    "receivedKBytesPerSec" : 374.5484204142449,
    "sentKBytesPerSec" : 39.48194759137031
  }
}