{
  "Total" : {
    "transaction" : "Total",
    "sampleCount" : 8500,
    "errorCount" : 0,
    "errorPct" : 0.0,
    "meanResTime" : 15.203529411764679,
    "medianResTime" : 7.0,
    "minResTime" : 4.0,
    "maxResTime" : 305.0,
    "pct1ResTime" : 40.0,
    "pct2ResTime" : 74.0,
    "pct3ResTime" : 146.0,
    "throughput" : 843.1703204047217,
    "receivedKBytesPerSec" : 385.54980052202166,
    "sentKBytesPerSec" : 266.5951689750521
  },
  "HTTP Request" : {
    "transaction" : "HTTP Request",
    "sampleCount" : 8500,
    "errorCount" : 0,
    "errorPct" : 0.0,
    "meanResTime" : 15.203529411764679,
    "medianResTime" : 7.0,
    "minResTime" : 4.0,
    "maxResTime" : 305.0,
    "pct1ResTime" : 40.0,
    "pct2ResTime" : 74.0,
    "pct3ResTime" : 146.0,
    "throughput" : 843.1703204047217,
    "receivedKBytesPerSec" : 385.54980052202166,
    "sentKBytesPerSec" : 266.5951689750521
  }
}