{
  "Total" : {
    "transaction" : "Total",
    "sampleCount" : 400,
    "errorCount" : 0,
    "errorPct" : 0.0,
    "meanResTime" : 9.997500000000002,
    "medianResTime" : 8.0,
    "minResTime" : 5.0,
    "maxResTime" : 102.0,
    "pct1ResTime" : 9.0,
    "pct2ResTime" : 11.0,
    "pct3ResTime" : 96.0,
    "throughput" : 40.90816117815505,
    "receivedKBytesPerSec" : 18.686320694416036,
    "sentKBytesPerSec" : 12.933610528737983
  },
  "HTTP Request" : {
    "transaction" : "HTTP Request",
    "sampleCount" : 400,
    "errorCount" : 0,
    "errorPct" : 0.0,
    "meanResTime" : 9.997500000000002,
    "medianResTime" : 8.0,
    "minResTime" : 5.0,
    "maxResTime" : 102.0,
    "pct1ResTime" : 9.0,
    "pct2ResTime" : 11.0,
    "pct3ResTime" : 96.0,
    "throughput" : 40.90816117815505,
    "receivedKBytesPerSec" : 18.686320694416036,
    "sentKBytesPerSec" : 12.933610528737983
  }
}