{
  "Products" : {
    "transaction" : "Products",
    "sampleCount" : 3000,
    "errorCount" : 0,
    "errorPct" : 0.0,
    "meanResTime" : 1532.9009999999992,
    "medianResTime" : 918.5,
    "minResTime" : 8.0,
    "maxResTime" : 8707.0,
    "pct1ResTime" : 3730.2000000000007,
    "pct2ResTime" : 4749.799999999992,
    "pct3ResTime" : 6687.899999999998,
    "throughput" : 181.66404263049535,
    "receivedKBytesPerSec" : 300.7905933980259,
    "sentKBytesPerSec" : 31.93313249364176
  },
  "Total" : {
    "transaction" : "Total",
    "sampleCount" : 3000,
    "errorCount" : 0,
    "errorPct" : 0.0,
    "meanResTime" : 1532.9009999999992,
    "medianResTime" : 918.5,
    "minResTime" : 8.0,
    "maxResTime" : 8707.0,
    "pct1ResTime" : 3730.2000000000007,
    "pct2ResTime" : 4749.799999999992,
    "pct3ResTime" : 6687.899999999998,
    "throughput" : 181.66404263049535,
    "receivedKBytesPerSec" : 300.7905933980259,
    "sentKBytesPerSec" : 31.93313249364176
  }
}