{
  "Products" : {
    "transaction" : "Products",
    "sampleCount" : 2000,
    "errorCount" : 0,
    "errorPct" : 0.0,
    "meanResTime" : 70.29800000000012,
    "medianResTime" : 10.0,
    "minResTime" : 8.0,
    "maxResTime" : 2557.0,
    "pct1ResTime" : 66.90000000000009,
    "pct2ResTime" : 132.84999999999945,
    "pct3ResTime" : 1723.6000000000004,
    "throughput" : 205.17029134181368,
    "receivedKBytesPerSec" : 335.97927539623515,
    "sentKBytesPerSec" : 36.065090274928195
  },
  "Total" : {
    "transaction" : "Total",
    "sampleCount" : 2000,
    "errorCount" : 0,
    "errorPct" : 0.0,
    "meanResTime" : 70.29800000000012,
    "medianResTime" : 10.0,
    "minResTime" : 8.0,
    "maxResTime" : 2557.0,
    "pct1ResTime" : 66.90000000000009,
    "pct2ResTime" : 132.84999999999945,
    "pct3ResTime" : 1723.6000000000004,
    "throughput" : 205.17029134181368,
    "receivedKBytesPerSec" : 335.97927539623515,
    "sentKBytesPerSec" : 36.065090274928195
  }
}