{
  "Products" : {
    "transaction" : "Products",
    "sampleCount" : 2300,
    "errorCount" : 0,
    "errorPct" : 0.0,
    "meanResTime" : 37.86521739130436,
    "medianResTime" : 19.0,
    "minResTime" : 9.0,
    "maxResTime" : 355.0,
    "pct1ResTime" : 87.90000000000009,
    "pct2ResTime" : 131.0,
    "pct3ResTime" : 216.97999999999956,
    "throughput" : 237.65240752221533,
    "receivedKBytesPerSec" : 387.8897572135255,
    "sentKBytesPerSec" : 41.77483725976441
  },
  "Total" : {
    "transaction" : "Total",
    "sampleCount" : 2300,
    "errorCount" : 0,
    "errorPct" : 0.0,
    "meanResTime" : 37.86521739130436,
    "medianResTime" : 19.0,
    "minResTime" : 9.0,
    "maxResTime" : 355.0,
    "pct1ResTime" : 87.90000000000009,
    "pct2ResTime" : 131.0,
    "pct3ResTime" : 216.97999999999956,
    "throughput" : 237.65240752221533,
    "receivedKBytesPerSec" : 387.8897572135255,
    "sentKBytesPerSec" : 41.77483725976441
  }
}