{
  "Total" : {
    "transaction" : "Total",
    "sampleCount" : 1000,
    "errorCount" : 0,
    "errorPct" : 0.0,
    "meanResTime" : 14.261999999999976,
    "medianResTime" : 6.0,
    "minResTime" : 5.0,
    "maxResTime" : 310.0,
    "pct1ResTime" : 7.0,
    "pct2ResTime" : 9.0,
    "pct3ResTime" : 296.99,
    "throughput" : 101.18385105737124,
    "receivedKBytesPerSec" : 46.21918240286351,
    "sentKBytesPerSec" : 31.990203347920676
  },
  "HTTP Request" : {
    "transaction" : "HTTP Request",
    "sampleCount" : 1000,
    "errorCount" : 0,
    "errorPct" : 0.0,
    "meanResTime" : 14.261999999999976,
    "medianResTime" : 6.0,
    "minResTime" : 5.0,
    "maxResTime" : 310.0,
    "pct1ResTime" : 7.0,
    "pct2ResTime" : 9.0,
    "pct3ResTime" : 296.99,
    "throughput" : 101.18385105737124,
    "receivedKBytesPerSec" : 46.21918240286351,
    "sentKBytesPerSec" : 31.990203347920676
  }
}