{
  "Products" : {
    "transaction" : "Products",
    "sampleCount" : 2500,
    "errorCount" : 0,
    "errorPct" : 0.0,
    "meanResTime" : 107.93559999999984,
    "medianResTime" : 83.0,
    "minResTime" : 9.0,
    "maxResTime" : 879.0,
    "pct1ResTime" : 211.9000000000001,
    "pct2ResTime" : 281.0,
    "pct3ResTime" : 423.97999999999956,
    "throughput" : 248.90481879729194,
    "receivedKBytesPerSec" : 411.51608702956986,
    "sentKBytesPerSec" : 43.75280017921147
  },
  "Total" : {
    "transaction" : "Total",
    "sampleCount" : 2500,
    "errorCount" : 0,
    "errorPct" : 0.0,
    "meanResTime" : 107.93559999999984,
    "medianResTime" : 83.0,
    "minResTime" : 9.0,
    "maxResTime" : 879.0,
    "pct1ResTime" : 211.9000000000001,
    "pct2ResTime" : 281.0,
    "pct3ResTime" : 423.97999999999956,
    "throughput" : 248.90481879729194,
    "receivedKBytesPerSec" : 411.51608702956986,
    "sentKBytesPerSec" : 43.75280017921147
  }
}