{
  "Products" : {
    "transaction" : "Products",
    "sampleCount" : 2100,
    "errorCount" : 0,
    "errorPct" : 0.0,
    "meanResTime" : 28.831904761904795,
    "medianResTime" : 13.0,
    "minResTime" : 9.0,
    "maxResTime" : 449.0,
    "pct1ResTime" : 67.0,
    "pct2ResTime" : 122.0,
    "pct3ResTime" : 239.9499999999989,
    "throughput" : 216.98698078115314,
    "receivedKBytesPerSec" : 353.415829555435,
    "sentKBytesPerSec" : 38.14224271543707
  },
  "Total" : {
    "transaction" : "Total",
    "sampleCount" : 2100,
    "errorCount" : 0,
    "errorPct" : 0.0,
    "meanResTime" : 28.831904761904795,
    "medianResTime" : 13.0,
    "minResTime" : 9.0,
    "maxResTime" : 449.0,
    "pct1ResTime" : 67.0,
    "pct2ResTime" : 122.0,
    "pct3ResTime" : 239.9499999999989,
    "throughput" : 216.98698078115314,
    "receivedKBytesPerSec" : 353.415829555435,
    "sentKBytesPerSec" : 38.14224271543707
  }
}