{
  "Total" : {
    "transaction" : "Total",
    "sampleCount" : 7750,
    "errorCount" : 0,
    "errorPct" : 0.0,
    "meanResTime" : 29.6212903225807,
    "medianResTime" : 7.0,
    "minResTime" : 3.0,
    "maxResTime" : 1095.0,
    "pct1ResTime" : 59.0,
    "pct2ResTime" : 82.0,
    "pct3ResTime" : 1019.0,
    "throughput" : 849.2220030681568,
    "receivedKBytesPerSec" : 388.29777216195487,
    "sentKBytesPerSec" : 268.53221564760025
  },
  "HTTP Request" : {
    "transaction" : "HTTP Request",
    "sampleCount" : 7750,
    "errorCount" : 0,
    "errorPct" : 0.0,
    "meanResTime" : 29.6212903225807,
    "medianResTime" : 7.0,
    "minResTime" : 3.0,
    "maxResTime" : 1095.0,
    "pct1ResTime" : 59.0,
    "pct2ResTime" : 82.0,
    "pct3ResTime" : 1019.0,
    "throughput" : 849.2220030681568,
    "receivedKBytesPerSec" : 388.29777216195487,
    "sentKBytesPerSec" : 268.53221564760025
  }
}