{
  "Products" : {
    "transaction" : "Products",
    "sampleCount" : 2400,
    "errorCount" : 0,
    "errorPct" : 0.0,
    "meanResTime" : 51.20583333333343,
    "medianResTime" : 17.0,
    "minResTime" : 9.0,
    "maxResTime" : 750.0,
    "pct1ResTime" : 143.9000000000001,
    "pct2ResTime" : 210.94999999999982,
    "pct3ResTime" : 393.9899999999998,
    "throughput" : 235.15579071134627,
    "receivedKBytesPerSec" : 389.7927306853812,
    "sentKBytesPerSec" : 41.335978835978835
  },
  "Total" : {
    "transaction" : "Total",
    "sampleCount" : 2400,
    "errorCount" : 0,
    "errorPct" : 0.0,
    "meanResTime" : 51.20583333333343,
    "medianResTime" : 17.0,
    "minResTime" : 9.0,
    "maxResTime" : 750.0,
    "pct1ResTime" : 143.9000000000001,
    "pct2ResTime" : 210.94999999999982,
    "pct3ResTime" : 393.9899999999998,
    "throughput" : 235.15579071134627,
    "receivedKBytesPerSec" : 389.7927306853812,
    "sentKBytesPerSec" : 41.335978835978835
  }
}