{
  "Total" : {
    "transaction" : "Total",
    "sampleCount" : 2500,
    "errorCount" : 0,
    "errorPct" : 0.0,
    "meanResTime" : 7.79479999999997,
    "medianResTime" : 6.0,
    "minResTime" : 4.0,
    "maxResTime" : 186.0,
    "pct1ResTime" : 9.0,
    "pct2ResTime" : 12.0,
    "pct3ResTime" : 40.98999999999978,
    "throughput" : 252.52525252525254,
    "receivedKBytesPerSec" : 115.3591579861111,
    "sentKBytesPerSec" : 79.84779434974747
  },
  "HTTP Request" : {
    "transaction" : "HTTP Request",
    "sampleCount" : 2500,
    "errorCount" : 0,
    "errorPct" : 0.0,
    "meanResTime" : 7.79479999999997,
    "medianResTime" : 6.0,
    "minResTime" : 4.0,
    "maxResTime" : 186.0,
    "pct1ResTime" : 9.0,
    "pct2ResTime" : 12.0,
    "pct3ResTime" : 40.98999999999978,
    "throughput" : 252.52525252525254,
    "receivedKBytesPerSec" : 115.3591579861111,
    "sentKBytesPerSec" : 79.84779434974747
  }
}