{
  "Products" : {
    "transaction" : "Products",
    "sampleCount" : 2200,
    "errorCount" : 0,
    "errorPct" : 0.0,
    "meanResTime" : 27.778181818181764,
    "medianResTime" : 13.0,
    "minResTime" : 9.0,
    "maxResTime" : 373.0,
    "pct1ResTime" : 66.0,
    "pct2ResTime" : 107.94999999999982,
    "pct3ResTime" : 228.97999999999956,
    "throughput" : 225.4791431792559,
    "receivedKBytesPerSec" : 374.3090897881009,
    "sentKBytesPerSec" : 39.63500563697858
  },
  "Total" : {
    "transaction" : "Total",
    "sampleCount" : 2200,
    "errorCount" : 0,
    "errorPct" : 0.0,
    "meanResTime" : 27.778181818181764,
    "medianResTime" : 13.0,
    "minResTime" : 9.0,
    "maxResTime" : 373.0,
    "pct1ResTime" : 66.0,
    "pct2ResTime" : 107.94999999999982,
    "pct3ResTime" : 228.97999999999956,
    "throughput" : 225.4791431792559,
    "receivedKBytesPerSec" : 374.3090897881009,
    "sentKBytesPerSec" : 39.63500563697858
  }
}