{
  "Products" : {
    "transaction" : "Products",
    "sampleCount" : 3800,
    "errorCount" : 0,
    "errorPct" : 0.0,
    "meanResTime" : 2905.6786842105257,
    "medianResTime" : 2925.0,
    "minResTime" : 15.0,
    "maxResTime" : 9398.0,
    "pct1ResTime" : 4637.0,
    "pct2ResTime" : 5211.849999999999,
    "pct3ResTime" : 6529.969999999999,
    "throughput" : 229.26093514328807,
    "receivedKBytesPerSec" : 377.4684789781297,
    "sentKBytesPerSec" : 40.29977375565611
  },
  "Total" : {
    "transaction" : "Total",
    "sampleCount" : 3800,
    "errorCount" : 0,
    "errorPct" : 0.0,
    "meanResTime" : 2905.6786842105257,
    "medianResTime" : 2925.0,
    "minResTime" : 15.0,
    "maxResTime" : 9398.0,
    "pct1ResTime" : 4637.0,
    "pct2ResTime" : 5211.849999999999,
    "pct3ResTime" : 6529.969999999999,
    "throughput" : 229.26093514328807,
    "receivedKBytesPerSec" : 377.4684789781297,
    "sentKBytesPerSec" : 40.29977375565611
  }
}