{
  "Total" : {
    "transaction" : "Total",
    "sampleCount" : 7900,
    "errorCount" : 0,
    "errorPct" : 0.0,
    "meanResTime" : 9.205063291139215,
    "medianResTime" : 6.0,
    "minResTime" : 4.0,
    "maxResTime" : 170.0,
    "pct1ResTime" : 10.0,
    "pct2ResTime" : 29.0,
    "pct3ResTime" : 58.0,
    "throughput" : 841.4101608264991,
    "receivedKBytesPerSec" : 384.71060299952075,
    "sentKBytesPerSec" : 266.03761299792313
  },
  "HTTP Request" : {
    "transaction" : "HTTP Request",
    "sampleCount" : 7900,
    "errorCount" : 0,
    "errorPct" : 0.0,
    "meanResTime" : 9.205063291139215,
    "medianResTime" : 6.0,
    "minResTime" : 4.0,
    "maxResTime" : 170.0,
    "pct1ResTime" : 10.0,
    "pct2ResTime" : 29.0,
    "pct3ResTime" : 58.0,
    "throughput" : 841.4101608264991,
    "receivedKBytesPerSec" : 384.71060299952075,
    "sentKBytesPerSec" : 266.03761299792313
  }
}