{
  "Total" : {
    "transaction" : "Total",
    "sampleCount" : 11000,
    "errorCount" : 0,
    "errorPct" : 0.0,
    "meanResTime" : 44.159545454545444,
    "medianResTime" : 9.0,
    "minResTime" : 4.0,
    "maxResTime" : 1081.0,
    "pct1ResTime" : 32.0,
    "pct2ResTime" : 57.0,
    "pct3ResTime" : 1038.9899999999998,
    "throughput" : 929.368029739777,
    "receivedKBytesPerSec" : 425.08711175122505,
    "sentKBytesPerSec" : 293.8615670676326
  },
  "HTTP Request" : {
    "transaction" : "HTTP Request",
    "sampleCount" : 11000,
    "errorCount" : 0,
    "errorPct" : 0.0,
    "meanResTime" : 44.159545454545444,
    "medianResTime" : 9.0,
    "minResTime" : 4.0,
    "maxResTime" : 1081.0,
    "pct1ResTime" : 32.0,
    "pct2ResTime" : 57.0,
    "pct3ResTime" : 1038.9899999999998,
    "throughput" : 929.368029739777,
    "receivedKBytesPerSec" : 425.08711175122505,
    "sentKBytesPerSec" : 293.8615670676326
  }
}