{
  "Products" : {
    "transaction" : "Products",
    "sampleCount" : 1000,
    "errorCount" : 8,
    "errorPct" : 0.8,
    "meanResTime" : 9746.037000000004,
    "medianResTime" : 9020.0,
    "minResTime" : 420.0,
    "maxResTime" : 16762.0,
    "pct1ResTime" : 15008.9,
    "pct2ResTime" : 15567.65,
    "pct3ResTime" : 16437.36,
    "throughput" : 59.266283411367276,
    "receivedKBytesPerSec" : 98.66123021987791,
    "sentKBytesPerSec" : 10.417901380904404
  },
  "Total" : {
    "transaction" : "Total",
    "sampleCount" : 1000,
    "errorCount" : 8,
    "errorPct" : 0.8,
    "meanResTime" : 9746.037000000004,
    "medianResTime" : 9020.0,
    "minResTime" : 420.0,
    "maxResTime" : 16762.0,
    "pct1ResTime" : 15008.9,
    "pct2ResTime" : 15567.65,
    "pct3ResTime" : 16437.36,
    "throughput" : 59.266283411367276,
    "receivedKBytesPerSec" : 98.66123021987791,
    "sentKBytesPerSec" : 10.417901380904404
  }
}