{
  "Products" : {
    "transaction" : "Products",
    "sampleCount" : 2100,
    "errorCount" : 0,
    "errorPct" : 0.0,
    "meanResTime" : 20.165714285714326,
    "medianResTime" : 10.0,
    "minResTime" : 8.0,
    "maxResTime" : 512.0,
    "pct1ResTime" : 27.0,
    "pct2ResTime" : 73.0,
    "pct3ResTime" : 225.9399999999987,
    "throughput" : 203.66598778004075,
    "receivedKBytesPerSec" : 336.89540448307633,
    "sentKBytesPerSec" : 35.800661914460285
  },
  "Total" : {
    "transaction" : "Total",
    "sampleCount" : 2100,
    "errorCount" : 0,
    "errorPct" : 0.0,
    "meanResTime" : 20.165714285714326,
    "medianResTime" : 10.0,
    "minResTime" : 8.0,
    "maxResTime" : 512.0,
    "pct1ResTime" : 27.0,
    "pct2ResTime" : 73.0,
    "pct3ResTime" : 225.9399999999987,
    "throughput" : 203.66598778004075,
    "receivedKBytesPerSec" : 336.89540448307633,
    "sentKBytesPerSec" : 35.800661914460285
  }
}