{
  "Products" : {
    "transaction" : "Products",
    "sampleCount" : 3000,
    "errorCount" : 0,
    "errorPct" : 0.0,
    "meanResTime" : 895.3923333333325,
    "medianResTime" : 585.5,
    "minResTime" : 9.0,
    "maxResTime" : 7293.0,
    "pct1ResTime" : 2127.8,
    "pct2ResTime" : 2923.8999999999996,
    "pct3ResTime" : 4372.919999999998,
    "throughput" : 216.71602976233476,
    "receivedKBytesPerSec" : 360.4126549745359,
    "sentKBytesPerSec" : 38.09461460666041
  },
  "Total" : {
    "transaction" : "Total",
    "sampleCount" : 3000,
    "errorCount" : 0,
    "errorPct" : 0.0,
    "meanResTime" : 895.3923333333325,
    "medianResTime" : 585.5,
    "minResTime" : 9.0,
    "maxResTime" : 7293.0,
    "pct1ResTime" : 2127.8,
    "pct2ResTime" : 2923.8999999999996,
    "pct3ResTime" : 4372.919999999998,
    "throughput" : 216.71602976233476,
    "receivedKBytesPerSec" : 360.4126549745359,
    "sentKBytesPerSec" : 38.09461460666041
  }
}