{
  "Products" : {
    "transaction" : "Products",
    "sampleCount" : 18000,
    "errorCount" : 0,
    "errorPct" : 0.0,
    "meanResTime" : 9266.871555555543,
    "medianResTime" : 8593.5,
    "minResTime" : 11.0,
    "maxResTime" : 32012.0,
    "pct1ResTime" : 14111.9,
    "pct2ResTime" : 15330.95,
    "pct3ResTime" : 18546.76000000004,
    "throughput" : 158.19586405702083,
    "receivedKBytesPerSec" : 261.7533810932872,
    "sentKBytesPerSec" : 27.80786672877319
  },
  "Total" : {
    "transaction" : "Total",
    "sampleCount" : 18000,
    "errorCount" : 0,
    "errorPct" : 0.0,
    "meanResTime" : 9266.871555555543,
    "medianResTime" : 8593.5,
    "minResTime" : 11.0,
    "maxResTime" : 32012.0,
    "pct1ResTime" : 14111.9,
    "pct2ResTime" : 15330.95,
    "pct3ResTime" : 18546.76000000004,
    "throughput" : 158.19586405702083,
    "receivedKBytesPerSec" : 261.7533810932872,
    "sentKBytesPerSec" : 27.80786672877319
  }
}