{
  "Products" : {
    "transaction" : "Products",
    "sampleCount" : 5700,
    "errorCount" : 0,
    "errorPct" : 0.0,
    "meanResTime" : 3881.6049122806958,
    "medianResTime" : 3995.0,
    "minResTime" : 16.0,
    "maxResTime" : 12066.0,
    "pct1ResTime" : 6338.400000000003,
    "pct2ResTime" : 6986.849999999999,
    "pct3ResTime" : 8681.919999999998,
    "throughput" : 231.75442163041268,
    "receivedKBytesPerSec" : 382.4052780036593,
    "sentKBytesPerSec" : 40.73808192722098
  },
  "Total" : {
    "transaction" : "Total",
    "sampleCount" : 5700,
    "errorCount" : 0,
    "errorPct" : 0.0,
    "meanResTime" : 3881.6049122806958,
    "medianResTime" : 3995.0,
    "minResTime" : 16.0,
    "maxResTime" : 12066.0,
    "pct1ResTime" : 6338.400000000003,
    "pct2ResTime" : 6986.849999999999,
    "pct3ResTime" : 8681.919999999998,
    "throughput" : 231.75442163041268,
    "receivedKBytesPerSec" : 382.4052780036593,
    "sentKBytesPerSec" : 40.73808192722098
  }
}