{
  "Total" : {
    "transaction" : "Total",
    "sampleCount" : 10000,
    "errorCount" : 0,
    "errorPct" : 0.0,
    "meanResTime" : 24.271300000000018,
    "medianResTime" : 8.0,
    "minResTime" : 4.0,
    "maxResTime" : 622.0,
    "pct1ResTime" : 68.0,
    "pct2ResTime" : 92.0,
    "pct3ResTime" : 204.98999999999978,
    "throughput" : 1011.9409026512851,
    "receivedKBytesPerSec" : 462.77994396377255,
    "sentKBytesPerSec" : 319.935986832119
  },
  "HTTP Request" : {
    "transaction" : "HTTP Request",
    "sampleCount" : 10000,
    "errorCount" : 0,
    "errorPct" : 0.0,
    "meanResTime" : 24.271300000000018,
    "medianResTime" : 8.0,
    "minResTime" : 4.0,
    "maxResTime" : 622.0,
    "pct1ResTime" : 68.0,
    "pct2ResTime" : 92.0,
    "pct3ResTime" : 204.98999999999978,
    "throughput" : 1011.9409026512851,
    "receivedKBytesPerSec" : 462.77994396377255,
    "sentKBytesPerSec" : 319.935986832119
  }
}