{
  "Total" : {
    "transaction" : "Total",
    "sampleCount" : 10500,
    "errorCount" : 0,
    "errorPct" : 0.0,
    "meanResTime" : 18.02276190476186,
    "medianResTime" : 8.0,
    "minResTime" : 4.0,
    "maxResTime" : 246.0,
    "pct1ResTime" : 54.0,
    "pct2ResTime" : 73.0,
    "pct3ResTime" : 115.0,
    "throughput" : 1007.1942446043165,
    "receivedKBytesPerSec" : 460.69263339328535,
    "sentKBytesPerSec" : 318.49745203836926
  },
  "HTTP Request" : {
    "transaction" : "HTTP Request",
    "sampleCount" : 10500,
    "errorCount" : 0,
    "errorPct" : 0.0,
    "meanResTime" : 18.02276190476186,
    "medianResTime" : 8.0,
    "minResTime" : 4.0,
    "maxResTime" : 246.0,
    "pct1ResTime" : 54.0,
    "pct2ResTime" : 73.0,
    "pct3ResTime" : 115.0,
    "throughput" : 1007.1942446043165,
    "receivedKBytesPerSec" : 460.69263339328535,
    "sentKBytesPerSec" : 318.49745203836926
  }
}