{
  "Total" : {
    "transaction" : "Total",
    "sampleCount" : 7500,
    "errorCount" : 0,
    "errorPct" : 0.0,
    "meanResTime" : 11.381600000000063,
    "medianResTime" : 7.0,
    "minResTime" : 4.0,
    "maxResTime" : 219.0,
    "pct1ResTime" : 14.0,
    "pct2ResTime" : 41.0,
    "pct3ResTime" : 87.98999999999978,
    "throughput" : 726.7441860465116,
    "receivedKBytesPerSec" : 332.27293029312017,
    "sentKBytesPerSec" : 229.79424055232556
  },
  "HTTP Request" : {
    "transaction" : "HTTP Request",
    "sampleCount" : 7500,
    "errorCount" : 0,
    "errorPct" : 0.0,
    "meanResTime" : 11.381600000000063,
    "medianResTime" : 7.0,
    "minResTime" : 4.0,
    "maxResTime" : 219.0,
    "pct1ResTime" : 14.0,
    "pct2ResTime" : 41.0,
    "pct3ResTime" : 87.98999999999978,
    "throughput" : 726.7441860465116,
    "receivedKBytesPerSec" : 332.27293029312017,
    "sentKBytesPerSec" : 229.79424055232556
  }
}