{
  "Total" : {
    "transaction" : "Total",
    "sampleCount" : 9250,
    "errorCount" : 0,
    "errorPct" : 0.0,
    "meanResTime" : 26.291675675675748,
    "medianResTime" : 8.0,
    "minResTime" : 4.0,
    "maxResTime" : 377.0,
    "pct1ResTime" : 86.0,
    "pct2ResTime" : 97.0,
    "pct3ResTime" : 173.0,
    "throughput" : 1007.7350473907834,
    "receivedKBytesPerSec" : 460.84270566646694,
    "sentKBytesPerSec" : 318.6286504861641
  },
  "HTTP Request" : {
    "transaction" : "HTTP Request",
    "sampleCount" : 9250,
    "errorCount" : 0,
    "errorPct" : 0.0,
    "meanResTime" : 26.291675675675748,
    "medianResTime" : 8.0,
    "minResTime" : 4.0,
    "maxResTime" : 377.0,
    "pct1ResTime" : 86.0,
    "pct2ResTime" : 97.0,
    "pct3ResTime" : 173.0,
    "throughput" : 1007.7350473907834,
    "receivedKBytesPerSec" : 460.84270566646694,
    "sentKBytesPerSec" : 318.6286504861641
  }
}